"Name","Team","G","PA","HR","R","RBI","SB","BB%","K%","ISO","BABIP","AVG","OBP","SLG","wOBA","xwOBA","wRC+","BsR","Off","Def","WAR","playerid"
"Vladimir Guerrero Jr.","TOR","57","243","18","44","47","1","14.0%","14.8%",".328",".331",".333",".436",".662",".457",".424","195","1.5","29.2","-3.7","3.5","19611"
"Nick Castellanos","CIN","52","229","12","37","31","1","7.9%","18.3%",".268",".406",".359",".415",".627",".443",".417","181","0.7","23.4","-1.2","3.0","11737"
"Ronald Acuna Jr.","ATL","53","233","17","46","35","11","13.7%","21.0%",".320",".282",".278",".386",".598",".413",".435","162","3.1","21.0","-0.7","2.8","18401"
"Cedric Mullins II","BAL","59","255","9","32","18","9","9.8%","17.6%",".211",".368",".322",".390",".533",".395",".344","156","0.5","17.6","1.0","2.8","17929"
"Yoan Moncada","CHW","57","243","5","30","30","0","16.5%","27.2%",".137",".417",".294",".424",".431",".382",".393","149","0.0","14.1","4.9","2.8","17232"
"Xander Bogaerts","BOS","56","234","10","33","36","4","8.1%","19.2%",".218",".361",".318",".376",".536",".389",".371","148","2.3","15.7","3.3","2.8","12161"
"Marcus Semien","TOR","57","255","13","39","32","8","9.8%","24.7%",".237",".353",".294",".365",".531",".384",".334","146","1.3","15.3","2.9","2.8","12533"
"Kris Bryant","CHC","55","232","13","38","38","3","10.3%","22.8%",".279",".360",".309",".388",".588",".414",".366","165","1.9","20.3","-1.6","2.7","15429"
"Max Muncy","LAD","56","232","13","39","30","1","19.4%","20.7%",".264",".289",".264",".422",".527",".407",".432","164","0.7","18.9","-0.5","2.6","13301"
"Fernando Tatis Jr.","SDP","43","181","17","41","39","13","12.7%","24.9%",".390",".292",".292",".376",".682",".430",".424","177","4.1","21.3","-2.8","2.5","19709"
"Jesse Winker","CIN","50","221","17","44","37","0","8.6%","18.1%",".315",".371",".350",".412",".665",".455",".411","189","-2.5","21.6","-4.9","2.4","13590"
"Trea Turner","WSN","56","246","10","31","29","13","5.3%","20.7%",".180",".361",".311",".354",".491",".364",".344","130","1.5","10.6","5.0","2.4","16252"
"Buster Posey","SFG","40","163","10","27","22","0","11.0%","16.6%",".250",".355",".333",".411",".583",".421",".398","172","-1.8","12.6","4.2","2.3","9166"
"Jose Ramirez","CLE","57","233","13","39","31","6","10.7%","13.7%",".262",".250",".262",".348",".525",".367",".398","135","1.4","11.1","2.3","2.2","13510"
"Mark Canha","OAK","59","263","11","47","22","7","12.9%","20.9%",".218",".298",".259",".388",".477",".379",".375","149","0.6","16.1","-4.0","2.1","11445"
"Carlos Correa","HOU","56","245","10","37","32","0","11.8%","15.1%",".201",".298",".280",".367",".481",".366",".365","140","-2.6","9.2","2.9","2.1","14162"
"Brandon Crawford","SFG","51","188","12","32","37","3","11.2%","23.9%",".274",".287",".262",".351",".537",".374",".377","141","0.5","10.0","4.1","2.1","5343"
"J.D. Martinez","BOS","54","234","12","41","39","0","9.8%","20.9%",".249",".369",".321",".389",".569",".407",".395","160","-1.6","15.1","-3.1","2.0","6184"
"Ramon Laureano","OAK","48","205","11","30","22","8","8.3%","26.8%",".246",".305",".257",".332",".503",".358",".367","135","1.8","10.4","2.4","2.0","17128"
"Rafael Devers","BOS","56","236","15","38","48","3","8.9%","27.5%",".299",".323",".275",".343",".573",".382",".394","143","0.7","12.8","-1.1","2.0","17350"
"Aaron Judge","NYY","57","236","14","32","32","0","14.4%","24.6%",".245",".349",".295",".398",".540",".402",".452","161","-2.1","15.2","-3.6","2.0","15640"
"Bryan Reynolds","PIT","56","236","8","34","27","0","13.1%","21.6%",".203",".350",".287",".390",".490",".381",".378","143","0.8","13.3","-1.7","2.0","19326"
"J.T. Realmuto","PHI","42","161","5","21","23","4","13.7%","23.6%",".189",".374",".295",".410",".485",".388",".402","147","1.4","10.7","3.3","2.0","11739"
"Nolan Arenado","STL","59","249","11","30","40","0","6.0%","13.3%",".235",".293",".287",".333",".522",".360",".320","132","0.3","10.2","0.7","1.9","9777"
"Will Smith","LAD","48","181","5","28","19","1","11.6%","17.7%",".176",".303",".268",".365",".444",".349",".359","126","0.5","6.3","6.7","1.9","19197"
"Yuli Gurriel","HOU","54","229","8","27","41","1","11.4%","9.2%",".203",".324",".325",".397",".528",".394",".344","159","-0.8","15.5","-4.5","1.9","19198"
"Matt Olson","OAK","55","230","15","37","40","0","10.9%","16.5%",".298",".270",".278",".365",".576",".395",".382","160","0.2","16.8","-6.1","1.9","14344"
"Jose Altuve","HOU","48","226","9","39","27","2","9.7%","14.2%",".166",".315",".302",".367",".467",".358",".352","135","0.7","10.3","0.5","1.9","5417"
"Adolis Garcia","TEX","51","207","16","28","42","7","4.8%","28.0%",".272",".311",".277",".314",".549",".366",".370","137","-0.2","8.9","2.3","1.9","19287"
"Chris Taylor","LAD","54","218","7","44","31","6","13.8%","24.8%",".192",".355",".275",".394",".467",".377",".370","144","2.7","14.4","-3.5","1.8","13757"
"Miguel Rojas","MIA","48","192","3","32","16","4","8.9%","14.6%",".158",".314",".275",".354",".433",".345",".310","124","0.9","6.6","4.9","1.8","7802"
"Jared Walsh","LAA","57","227","13","28","40","2","7.5%","25.6%",".262",".360",".301",".361",".563",".391",".335","154","-0.3","14.4","-4.6","1.8","18607"
"Isiah Kiner-Falefa","TEX","61","258","5","32","23","10","3.1%","16.3%",".123",".325",".284",".319",".407",".317",".304","104","2.9","3.9","4.7","1.8","16512"
"Joey Wendle","TBR","55","197","6","35","27","4","6.1%","20.8%",".200",".336",".283",".340",".483",".353",".286","132","-0.2","7.3","3.2","1.8","13853"
"Trent Grisham","SDP","36","154","6","23","14","7","11.7%","26.0%",".213",".389",".301",".383",".515",".387",".332","150","1.4","10.8","1.4","1.8","18564"
"Austin Meadows","TBR","56","246","14","36","48","2","12.6%","24.0%",".286",".273",".248",".350",".533",".375",".360","146","0.0","13.6","-5.1","1.7","15672"
"Ozzie Albies","ATL","55","236","9","35","37","5","8.5%","16.9%",".246",".274",".256",".326",".502",".353",".365","123","1.6","8.3","0.4","1.7","16556"
"Adam Frazier","PIT","57","254","2","35","23","3","7.9%","10.6%",".140",".368",".332",".394",".472",".377",".330","141","-2.2","10.6","-2.5","1.7","15223"
"Evan Longoria","SFG","50","186","9","28","30","1","13.4%","22.6%",".236",".327",".280",".376",".516",".382",".415","146","-0.9","9.6","0.4","1.6","9368"
"Shohei Ohtani","LAA","57","223","16","37","42","8","9.0%","30.0%",".332",".299",".256",".332",".588",".384",".393","150","0.1","13.3","-4.9","1.6","19755"
"Mookie Betts","LAD","49","231","5","31","20","5","12.6%","15.2%",".180",".290",".258",".372",".438",".356",".356","130","0.8","9.3","-0.8","1.6","13611"
"Alex Bregman","HOU","51","227","6","33","29","0","11.5%","15.0%",".151",".321",".286",".374",".437",".353",".331","132","-0.8","7.8","-0.1","1.6","17678"
"Kyle Tucker","HOU","58","238","11","37","37","5","8.4%","16.0%",".216",".263",".258",".321",".474",".338",".394","122","0.3","6.4","0.9","1.6","18345"
"Tyler O'Neill","STL","41","152","13","25","29","5","2.6%","34.2%",".333",".338",".278",".309",".611",".387",".395","149","0.9","10.1","0.3","1.6","15711"
"Tim Anderson","CHW","46","203","6","34","22","9","4.9%","24.1%",".135",".372",".297",".335",".432",".333",".318","116","1.8","5.6","2.5","1.5","15172"
"Jake Cronenworth","SDP","60","258","5","37","18","3","7.8%","13.6%",".132",".307",".276",".344",".408",".328",".322","111","1.1","4.6","1.9","1.5","18036"
"Juan Soto","WSN","46","194","7","29","25","1","18.0%","14.9%",".171",".301",".278",".407",".449",".370",".435","134","-1.4","6.7","1.6","1.5","20123"
"Bo Bichette","TOR","57","251","11","46","34","7","6.0%","25.5%",".202",".314",".262",".311",".464",".333",".337","112","1.5","5.1","0.6","1.5","19612"
"Whit Merrifield","KCR","57","247","5","38","35","17","7.3%","10.1%",".141",".276",".268",".324",".409",".316",".328","101","3.7","3.9","1.9","1.5","11281"
"Carson Kelly","ARI","41","155","7","19","23","0","16.1%","21.3%",".205",".302",".270",".400",".475",".378",".399","139","-0.9","6.6","2.2","1.4","13620"
"Yasmani Grandal","CHW","41","159","9","27","21","0","28.3%","25.8%",".261",".127",".153",".392",".414",".363",".404","136","-0.8","6.0","2.3","1.4","11368"
"Gleyber Torres","NYY","51","209","3","19","23","4","11.0%","18.2%",".092",".326",".272",".351",".364",".320",".333","106","1.2","2.5","4.0","1.4","16997"
"Mitch Haniger","SEA","58","250","14","39","38","0","6.8%","24.0%",".257",".289",".261",".308",".517",".349",".352","129","-0.4","8.3","-3.1","1.4","14274"
"Ryan McMahon","COL","59","233","13","37","32","3","7.3%","24.0%",".238",".286",".257",".309",".495",".340",".352","102","1.1","1.7","4.5","1.4","15112"
"Jacob Stallings","PIT","44","165","4","14","25","0","12.1%","21.2%",".174",".295",".243",".339",".417",".333",".333","112","0.3","2.7","5.5","1.4","13723"
"Willson Contreras","CHC","53","206","9","28","24","3","10.7%","28.2%",".182",".315",".250",".350",".432",".342",".330","118","-1.5","2.9","3.9","1.4","11609"
"Josh Rojas","ARI","56","211","7","29","17","2","10.4%","26.1%",".188",".328",".258",".335",".446",".339",".321","114","2.3","6.0","0.7","1.4","19734"
"Nick Madrigal","CHW","52","207","2","30","20","1","4.8%","7.7%",".119",".324",".306",".348",".425",".337",".287","118","0.9","5.4","1.0","1.4","20521"
"Freddy Galvis","BAL","54","205","9","29","23","1","8.3%","21.5%",".212",".280",".250",".319",".462",".335",".285","116","-0.1","3.8","2.6","1.4","6609"
"Jose Abreu","CHW","54","227","11","27","46","1","9.7%","24.7%",".216",".288",".253",".339",".469",".348",".368","126","-1.0","6.0","-0.9","1.3","15676"
"Austin Riley","ATL","56","218","10","31","25","0","10.1%","28.4%",".209",".398",".305",".390",".513",".387",".354","145","-1.0","10.9","-5.2","1.3","18360"
"Kyle Seager","SEA","61","252","11","22","36","2","7.5%","24.2%",".216",".241",".216",".282",".432",".305",".344","99","0.8","0.7","3.4","1.3","9785"
"Javier Baez","CHC","54","218","14","32","39","9","3.2%","36.7%",".240",".313",".240",".276",".480",".320",".297","104","2.8","3.8","1.8","1.3","12979"
"Carlos Santana","KCR","57","242","10","34","36","2","17.8%","14.9%",".176",".245",".244",".380",".420",".353",".376","126","1.6","9.1","-4.7","1.3","2396"
"Justin Turner","LAD","56","237","9","37","30","0","12.7%","20.3%",".181",".309",".270",".363",".451",".355",".354","130","-1.7","7.0","-2.1","1.3","5235"
"Manny Machado","SDP","53","224","7","27","33","6","12.5%","19.2%",".170",".260",".232",".326",".402",".318",".344","104","1.2","2.4","2.9","1.3","11493"
"Rhys Hoskins","PHI","58","241","12","33","35","2","8.3%","27.0%",".230",".319",".263",".332",".493",".355",".341","125","-0.9","6.6","-2.0","1.3","16472"
"Kolten Wong","MIL","44","178","4","24","15","5","6.7%","15.2%",".161",".313",".280",".343",".441",".339",".324","115","1.2","4.5","2.1","1.3","12532"
"Joey Gallo","TEX","58","241","10","31","26","4","18.7%","32.8%",".181",".288",".207",".365",".389",".339",".358","119","1.5","6.9","-2.9","1.2","14128"
"Trey Mancini","BAL","57","242","11","33","44","0","9.5%","21.5%",".213",".312",".273",".347",".486",".359",".394","132","-0.7","8.4","-4.5","1.2","15149"
"Bryce Harper","PHI","40","171","7","27","14","5","14.6%","27.5%",".203",".360",".273",".392",".476",".375",".408","138","0.9","9.0","-2.5","1.2","11579"
"Salvador Perez","KCR","57","233","14","26","40","0","2.6%","25.8%",".239",".315",".275",".305",".514",".348",".374","122","-0.2","6.0","-2.1","1.2","7304"
"Alex Verdugo","BOS","55","227","8","36","25","4","7.9%","12.3%",".176",".298",".288",".348",".463",".350",".363","121","1.4","7.2","-3.2","1.2","17027"
"Eduardo Escobar","ARI","59","251","14","33","41","1","6.4%","22.3%",".222",".261",".244",".291",".466",".324",".313","104","1.0","2.3","1.2","1.2","6153"
"Randy Arozarena","TBR","57","252","7","38","27","9","9.5%","28.6%",".140",".340",".252",".337",".392",".322",".279","111","2.0","5.3","-2.6","1.2","19290"
"Mike Yastrzemski","SFG","45","184","6","25","15","1","12.5%","24.5%",".234",".271",".222",".332",".456",".338",".315","118","2.0","6.0","-0.7","1.1","14854"
"Sean Murphy","OAK","49","184","6","15","31","0","7.6%","26.6%",".191",".278",".222",".310",".414",".317",".339","108","-2.1","-0.4","5.2","1.1","19352"
"Tucker Barnhart","CIN","45","160","3","25","19","0","10.0%","30.0%",".151",".382",".266",".356",".417",".341",".302","114","0.7","3.5","2.3","1.1","10200"
"Randal Grichuk","TOR","57","228","12","28","43","0","4.4%","21.1%",".231",".312",".282",".316",".514",".354",".334","126","-2.7","4.4","-1.5","1.1","10243"
"Teoscar Hernandez","TOR","41","174","8","23","31","4","8.0%","25.9%",".181",".383",".306",".362",".488",".367",".374","135","-1.5","5.7","-1.0","1.1","13066"
"Jean Segura","PHI","42","169","3","22","12","6","5.9%","13.6%",".128",".359",".321",".367",".449",".353",".311","124","1.2","6.3","-1.4","1.1","5933"
"Tommy Edman","STL","60","270","4","33","18","12","5.9%","11.5%",".120",".296",".272",".322",".392",".313",".316","101","3.9","4.4","-2.7","1.1","19470"
"Yordan Alvarez","HOU","46","194","7","31","28","0","3.6%","26.8%",".200",".374",".294",".335",".494",".354",".352","132","0.7","8.2","-4.6","1.0","19556"
"Yadier Molina","STL","41","159","7","18","27","0","5.7%","20.8%",".216",".309",".277",".314",".493",".344",".355","121","-2.0","2.2","3.0","1.0","7007"
"Avisail Garcia","MIL","53","202","11","28","32","4","7.9%","25.2%",".214",".273",".242",".312",".456",".331",".367","109","1.2","3.5","0.3","1.0","5760"
"Yonathan Daza","COL","50","153","1","11","13","2","6.5%","19.0%",".072",".409",".331",".373",".403",".342",".296","103","1.7","2.3","3.0","1.0","15794"
"Jorge Polanco","MIN","54","223","6","29","24","3","9.0%","17.5%",".167",".269",".242",".314",".409",".315",".352","101","1.8","2.1","0.4","1.0","13152"
"Trevor Story","COL","50","205","5","26","23","8","8.8%","22.4%",".168",".311",".255",".322",".424",".320",".334","89","1.8","-1.0","4.4","1.0","12564"
"Josh Donaldson","MIN","46","190","7","24","22","0","13.7%","15.8%",".201",".262",".252",".353",".453",".349",".389","124","-2.9","2.6","0.1","0.9","5038"
"Nelson Cruz","MIN","51","202","10","27","25","1","9.4%","19.8%",".223",".305",".280",".355",".503",".364",".372","135","-1.3","7.1","-5.0","0.9","2434"
"Pavin Smith","ARI","58","231","5","34","21","1","6.9%","15.6%",".160",".326",".288",".342",".448",".343",".369","116","-1.0","3.6","-2.2","0.9","19892"
"Dylan Carlson","STL","58","239","6","31","26","0","10.5%","23.8%",".155",".347",".277",".360",".432",".344",".322","122","0.9","7.2","-6.2","0.9","20126"
"Nick Solak","TEX","61","255","8","36","24","2","6.3%","26.3%",".162",".297",".237",".310",".399",".311",".320","100","0.9","0.8","-0.8","0.9","19294"
"J.P. Crawford","SEA","60","227","3","26","21","2","8.4%","16.7%",".112",".307",".263",".326",".376",".309",".302","102","-1.6","-1.0","1.9","0.9","15491"
"Yandy Diaz","TBR","55","228","1","22","21","0","17.1%","13.6%",".054",".297",".253",".386",".306",".321",".336","110","-0.9","2.0","-1.1","0.9","16578"
"Cesar Hernandez","CLE","56","245","9","31","19","0","9.8%","20.4%",".168",".242",".218",".298",".386",".302",".345","90","0.1","-2.7","2.9","0.9","10556"
"Jesus Aguilar","MIA","57","220","12","23","44","0","8.2%","17.7%",".230",".267",".265",".323",".495",".343",".357","123","-0.3","5.8","-4.4","0.9","11342"
"Tyler Naquin","CIN","51","189","11","20","38","4","8.5%","24.3%",".251",".286",".257",".333",".509",".359",".361","125","-0.6","5.3","-3.1","0.8","13359"
"Hunter Renfroe","BOS","49","185","7","29","24","0","6.5%","24.9%",".193",".325",".269",".314",".462",".333",".332","110","-1.7","0.5","1.4","0.8","15464"
"Michael A. Taylor","KCR","52","183","5","23","22","4","6.0%","34.4%",".129",".369",".253",".301",".382",".299",".290","89","0.5","-1.8","3.7","0.8","11489"
"Garrett Hampson","COL","57","213","5","32","16","11","7.5%","23.5%",".181",".300",".244",".302",".425",".312",".304","83","2.2","-2.2","3.4","0.8","19262"
"Brandon Lowe","TBR","57","237","10","31","25","3","11.8%","30.8%",".177",".240",".192",".304",".369",".296",".333","93","1.4","-0.5","0.5","0.8","18882"
"Justin Upton","LAA","50","197","13","27","28","2","10.7%","31.5%",".260",".260",".225",".310",".486",".340",".345","120","0.4","5.2","-3.8","0.8","5222"
"Freddie Freeman","ATL","56","246","13","38","31","3","16.3%","17.1%",".220",".227",".229",".358",".449",".345",".412","117","0.6","5.8","-5.7","0.8","5361"
"Josh Fuentes","COL","56","185","5","22","27","0","5.4%","22.2%",".161",".310",".259",".297",".420",".308",".252","81","1.8","-2.6","4.5","0.8","16885"
"Jonathan India","CIN","47","171","5","19","24","3","10.5%","19.9%",".162",".302",".261",".368",".423",".347",".334","118","-2.5","1.2","1.0","0.8","21523"
"Michael Brantley","HOU","41","179","3","25","15","0","5.6%","12.3%",".150",".336",".305",".346",".455",".347",".395","128","-0.7","5.3","-3.6","0.8","4106"
"Jed Lowrie","OAK","57","224","4","26","28","0","10.7%","20.5%",".135",".307",".250",".330",".385",".315",".356","107","0.5","2.3","-2.2","0.8","4418"
"Willy Adames","- - -","56","201","8","22","26","1","8.5%","33.8%",".185",".296",".217",".284",".402",".299",".322","93","-1.0","-2.6","3.4","0.8","15986"
"Tommy Pham","SDP","57","204","4","21","18","8","16.7%","20.6%",".114",".270",".223",".358",".337",".318",".366","104","1.0","2.0","-1.1","0.8","2967"
"Charlie Blackmon","COL","56","212","4","23","32","0","10.8%","12.7%",".137",".296",".268",".368",".404",".343",".388","104","0.8","1.7","-1.0","0.8","7859"
"Robbie Grossman","DET","56","248","6","28","25","8","14.9%","24.2%",".153",".282",".227",".347",".379",".322",".339","105","-0.2","1.3","-2.3","0.8","5254"
"Ty France","SEA","51","210","3","24","21","0","8.6%","19.0%",".124",".301",".249",".333",".373",".315",".324","106","0.5","2.0","-1.7","0.7","17982"
"Corey Seager","LAD","37","169","4","20","22","1","11.2%","17.2%",".156",".307",".265",".361",".422",".344",".381","122","-1.7","2.9","-1.0","0.7","13624"
"Gio Urshela","NYY","52","207","6","16","26","1","6.3%","25.1%",".150",".338",".269",".314",".420",".319",".334","105","-4.6","-3.4","3.7","0.7","10681"
"Franmil Reyes","CLE","40","158","11","21","29","1","7.6%","30.4%",".319",".302",".257",".316",".576",".373",".368","139","-1.6","5.7","-3.9","0.7","14566"
"Myles Straw","HOU","56","214","0","20","19","7","8.9%","19.2%",".047",".305",".242",".315",".289",".275",".292","79","1.2","-4.2","4.0","0.7","17620"
"Dansby Swanson","ATL","57","231","10","24","27","2","6.1%","28.1%",".210",".290",".238",".291",".448",".313",".333","97","-0.5","-1.4","1.0","0.7","18314"
"Francisco Lindor","NYM","52","222","5","29","13","4","10.4%","16.7%",".124",".242",".218",".305",".342",".287",".318","86","0.9","-2.9","2.7","0.7","12916"
"Andrew Benintendi","KCR","54","217","6","27","29","7","7.8%","18.9%",".132",".342",".294",".350",".426",".339",".337","117","-1.5","2.8","-3.3","0.7","17901"
"Anthony Rizzo","CHC","52","216","5","23","22","4","12.0%","11.6%",".163",".268",".255",".352",".418",".335",".351","113","0.6","4.0","-4.1","0.7","3473"
"DJ LeMahieu","NYY","56","251","3","33","14","2","10.8%","17.9%",".068",".303",".253",".335",".321",".295",".329","89","-0.1","-3.3","1.4","0.7","9874"
"Matt Chapman","OAK","60","241","5","22","23","1","13.7%","32.0%",".125",".288",".205",".311",".330",".287",".284","88","0.0","-3.6","2.0","0.7","16505"
"Jonathan Villar","NYM","47","155","5","21","14","6","11.0%","23.2%",".161",".302",".248",".335",".409",".324",".334","110","0.4","2.3","-0.7","0.7","10071"
"Manuel Margot","TBR","54","202","5","20","32","6","5.0%","15.3%",".141",".263",".241",".277",".382",".286",".307","87","0.0","-3.2","2.8","0.7","14712"
"Nicky Lopez","KCR","53","172","0","25","10","5","12.2%","13.4%",".084",".262",".224",".323",".308",".286",".275","81","3.1","-0.8","1.4","0.7","19339"
"D.J. Stewart","BAL","46","154","6","19","19","0","13.6%","24.0%",".176",".273",".229",".344",".405",".333",".330","114","0.0","2.7","-1.8","0.6","17766"
"Gary Sanchez","NYY","43","163","6","16","15","0","13.5%","28.8%",".174",".271",".210",".331",".384",".316",".336","103","-1.9","-1.4","1.9","0.6","11442"
"Adam Eaton","CHW","48","184","5","27","26","2","9.2%","26.1%",".166",".250",".197",".300",".363",".296",".301","91","0.8","-1.2","1.0","0.6","11205"
"Raimel Tapia","COL","58","237","5","29","31","5","7.2%","13.5%",".115",".306",".280",".329",".394",".314",".289","85","1.3","-3.2","1.5","0.6","14350"
"Paul Goldschmidt","STL","58","247","7","33","29","3","8.5%","23.1%",".156",".304",".250",".316",".406",".316",".353","103","0.9","1.8","-3.9","0.6","9218"
"Luis Urias","MIL","54","188","7","17","25","2","12.2%","24.5%",".186",".264",".224",".321",".410",".316",".335","100","1.0","1.0","-1.3","0.6","16622"
"Nate Lowe","TEX","61","257","8","27","31","4","13.6%","28.8%",".141",".324",".241",".346",".382",".325",".344","109","-1.8","1.1","-4.2","0.6","19566"
"Yermin Mercedes","CHW","55","211","7","19","31","0","8.1%","16.6%",".156",".325",".292",".351",".448",".346",".334","125","-1.7","4.5","-6.1","0.6","17423"
"Christian Vazquez","BOS","52","192","3","23","24","5","5.7%","19.3%",".106",".298",".251",".292",".358",".284",".281","77","0.0","-5.2","4.1","0.5","9774"
"Max Kepler","MIN","37","152","5","20","22","5","10.5%","18.4%",".212",".228",".212",".303",".424",".312",".351","99","1.9","1.8","-1.6","0.5","12144"
"Gavin Lux","LAD","49","188","5","23","25","1","6.9%","23.4%",".145",".288",".238",".293",".384",".293",".319","89","1.9","-0.6","0.0","0.5","19955"
"Corey Dickerson","MIA","56","196","2","23","12","2","7.1%","20.9%",".112",".338",".270",".332",".382",".315",".303","104","-1.6","-0.6","-0.8","0.5","10762"
"Amed Rosario","CLE","50","187","4","25","17","5","8.0%","19.3%",".135",".282",".240",".305",".374",".299",".312","89","-0.5","-3.0","1.5","0.5","15518"
"Jeimer Candelario","DET","57","241","4","27","18","0","9.1%","26.1%",".115",".358",".266",".336",".381",".318",".317","103","0.8","1.5","-4.8","0.5","13621"
"Luis Arraez","MIN","39","162","1","20","14","0","10.5%","11.1%",".057",".306",".277",".358",".333",".310",".364","98","0.7","0.3","-1.1","0.5","18568"
"Victor Robles","WSN","46","158","0","15","6","6","10.1%","23.4%",".082",".309",".224",".338",".306",".292",".300","83","-1.4","-4.8","4.2","0.5","18363"
"Andrew McCutchen","PHI","53","225","10","27","29","3","14.7%","26.2%",".209",".262",".225",".338",".433",".336",".345","113","0.3","3.9","-6.6","0.5","9847"
"Dominic Smith","NYM","50","190","4","14","20","2","7.9%","23.7%",".112",".328",".260",".332",".373",".308",".346","100","-2.3","-2.3","0.5","0.4","15653"
"Enrique Hernandez","BOS","45","184","5","27","13","1","6.0%","23.4%",".153",".268",".224",".277",".376",".285",".285","78","0.8","-4.1","2.1","0.4","10472"
"Wil Myers","SDP","50","180","6","19","23","4","10.6%","23.3%",".156",".301",".250",".328",".406",".320",".296","106","0.5","1.8","-3.4","0.4","10047"
"Andrelton Simmons","MIN","44","165","2","17","13","0","10.3%","18.2%",".075",".313",".259",".339",".333",".304",".296","94","-2.0","-3.1","1.5","0.4","10847"
"Kyle Schwarber","WSN","48","203","9","20","25","1","9.4%","29.1%",".194",".277",".222",".310",".417",".317",".336","99","0.5","0.3","-2.9","0.4","16478"
"Anthony Rendon","LAA","38","161","3","15","22","0","9.3%","14.9%",".111",".263",".236",".311",".347",".293",".316","88","-0.6","-2.9","1.2","0.4","12861"
"Pete Alonso","NYM","44","177","7","25","25","0","10.7%","23.2%",".183",".290",".248",".339",".431",".337",".370","119","-1.0","3.1","-5.1","0.4","19251"
"Andrew Vaughn","CHW","45","166","4","21","13","0","9.0%","27.1%",".166",".296",".228",".313",".393",".310",".329","101","-0.3","-0.2","-1.8","0.4","26197"
"Nick Ahmed","ARI","51","183","1","14","9","3","7.7%","26.8%",".102",".316",".228",".291",".329",".276",".240","73","0.2","-5.9","3.6","0.4","12147"
"Josh Harrison","WSN","46","187","4","18","18","2","7.5%","11.8%",".114",".286",".265",".348",".380",".325",".350","104","-0.5","0.5","-2.9","0.4","8202"
"Jonathan Schoop","DET","56","229","9","23","26","0","6.6%","22.7%",".171",".298",".257",".310",".429",".320",".299","104","-0.8","0.3","-4.7","0.3","11265"
"Ian Happ","CHC","47","188","6","19","15","1","13.8%","28.7%",".146",".245",".190",".316",".335",".297",".324","88","0.1","-2.6","-0.5","0.3","17919"
"Giancarlo Stanton","NYY","41","172","9","16","24","0","9.9%","30.2%",".213",".319",".252",".326",".465",".341",".348","119","-2.9","1.1","-4.2","0.3","4949"
"Garrett Cooper","MIA","51","179","5","17","22","0","8.4%","27.9%",".149",".340",".255",".330",".404",".323",".321","110","-1.9","0.3","-3.7","0.2","15279"
"Jose Iglesias","LAA","46","177","4","21","16","2","3.4%","15.8%",".107",".299",".266",".299",".373",".295",".298","89","-0.4","-2.6","-1.3","0.2","10231"
"Joc Pederson","CHC","44","176","6","18","21","0","8.5%","27.3%",".162",".291",".234",".313",".396",".310",".334","97","0.4","-0.2","-3.5","0.2","11899"
"Ha-seong Kim","SDP","50","156","3","14","17","5","5.1%","23.7%",".126",".248",".203",".256",".329",".257",".253","64","0.9","-6.0","2.8","0.2","27506"
"Willie Calhoun","TEX","43","173","5","17","15","0","8.7%","11.6%",".153",".273",".261",".329",".414",".326",".351","110","-2.9","-0.8","-3.2","0.2","17838"
"C.J. Cron","COL","45","166","5","22","18","0","12.0%","25.9%",".169",".340",".261",".367",".430",".353",".363","110","-0.5","1.6","-5.3","0.2","12546"
"James McCann","NYM","44","157","6","12","21","0","7.6%","28.0%",".152",".284",".228",".287",".379",".292",".303","90","-2.6","-4.6","1.1","0.1","12859"
"David Fletcher","LAA","55","231","0","33","16","3","4.3%","11.3%",".042",".298",".264",".295",".306",".267",".274","70","1.8","-6.4","0.0","0.1","17992"
"Eddie Rosario","CLE","54","214","4","19","30","6","6.5%","16.4%",".112",".266",".235",".288",".347",".280",".306","76","1.5","-4.6","-1.4","0.1","12155"
"Marwin Gonzalez","BOS","48","179","2","17","15","2","7.3%","23.5%",".114",".261",".203",".291",".316",".274",".310","71","0.2","-6.1","1.2","0.1","5497"
"Josh Bell","WSN","46","172","8","28","24","0","7.6%","25.0%",".197",".243",".217",".279",".414",".300",".327","88","1.1","-1.5","-3.0","0.1","13145"
"Niko Goodrum","DET","49","185","4","22","12","10","9.2%","37.3%",".109",".333",".212",".292",".321",".275",".289","74","1.1","-4.7","-1.2","0.0","12092"
"Kevin Newman","PIT","53","206","1","19","10","1","4.4%","6.3%",".051",".219",".209",".243",".260",".224",".266","41","2.7","-12.2","6.0","0.0","17696"
"David Bote","CHC","49","162","5","16","23","0","8.0%","22.2%",".139",".231",".201",".280",".340",".276",".356","75","-1.0","-6.1","1.0","0.0","14593"
"Willi Castro","DET","47","184","4","21","19","2","5.4%","27.7%",".138",".301",".228",".290",".365",".288",".275","83","0.5","-3.4","-3.0","0.0","17338"
"Martin Maldonado","HOU","45","164","4","14","14","0","9.1%","30.5%",".116",".215",".163",".250",".279",".241",".261","56","-2.0","-10.6","4.9","0.0","6887"
"Adam Duvall","MIA","51","188","9","19","33","2","5.9%","31.9%",".194",".234",".194",".245",".389",".274",".304","77","-0.5","-5.8","-0.4","0.0","10950"
"Lourdes Gurriel Jr.","TOR","52","205","5","19","20","1","2.9%","20.0%",".124",".298",".259",".279",".383",".285",".284","80","-0.7","-5.6","-1.5","0.0","19238"
"David Peralta","ARI","57","225","4","25","30","1","7.6%","17.3%",".163",".285",".245",".302",".409",".305",".278","92","-0.1","-2.3","-5.1","0.0","2136"
"Ryan Mountcastle","BAL","54","209","8","24","30","3","3.3%","31.1%",".193",".331",".254",".282",".447",".311",".297","99","-0.5","-0.7","-6.8","0.0","18373"
"Gregory Polanco","PIT","47","181","5","17","17","5","9.4%","31.5%",".145",".275",".208",".276",".352",".272",".304","72","2.1","-4.1","-2.5","-0.1","12907"
"Marcell Ozuna","ATL","48","208","7","21","26","0","9.1%","22.1%",".144",".244",".213",".288",".356",".286",".350","79","-1.3","-6.6","-1.0","-0.1","10324"
"Maikel Franco","BAL","56","231","6","17","28","0","5.6%","14.7%",".143",".213",".203",".247",".346",".258",".265","64","-0.6","-10.5","1.6","-0.1","12179"
"Leury Garcia","CHW","47","169","0","21","17","2","7.1%","24.3%",".053",".315",".232",".287",".285",".257",".266","65","2.2","-4.9","-2.1","-0.1","5913"
"Travis Shaw","MIL","54","196","6","15","26","0","9.7%","24.5%",".145",".225",".191",".281",".335",".276",".317","73","-0.7","-7.1","-0.5","-0.1","11982"
"Jurickson Profar","SDP","54","211","1","28","17","9","12.3%","16.1%",".061",".272",".228",".325",".289",".280",".290","80","2.0","-3.3","-4.8","-0.2","10815"
"Eric Hosmer","SDP","53","216","5","18","31","4","6.9%","14.4%",".116",".301",".273",".329",".389",".314",".332","102","-1.2","-0.7","-8.0","-0.2","3516"
"Eugenio Suarez","CIN","56","239","13","31","30","0","7.5%","31.0%",".213",".168",".162",".234",".375",".265",".304","64","1.2","-9.4","-0.3","-0.2","12552"
"Cavan Biggio","TOR","39","151","3","14","11","2","13.2%","31.1%",".110",".295",".205",".315",".315",".285",".276","79","-1.2","-4.9","-2.8","-0.3","19252"
"Starlin Castro","WSN","56","229","2","12","20","0","7.4%","19.2%",".067",".295",".244",".297",".311",".271",".295","69","-0.4","-9.2","-0.7","-0.3","4579"
"Pedro Severino","BAL","40","152","2","10","8","0","9.2%","22.4%",".080",".294",".232",".303",".312",".274",".288","75","-1.4","-6.0","-1.8","-0.3","14523"
"Hunter Dozier","KCR","41","157","7","17","18","1","7.6%","31.2%",".208",".159",".146",".217",".354",".248",".297","55","0.1","-8.3","0.1","-0.3","15117"
"Miguel Sano","MIN","44","172","11","20","28","0","12.2%","39.0%",".248",".181",".161",".267",".409",".295",".292","88","-0.9","-3.4","-5.6","-0.3","12164"
"Kyle Farmer","CIN","55","161","4","14","17","1","5.0%","16.8%",".103",".224",".205",".273",".308",".262",".298","62","-1.7","-9.2","0.6","-0.4","14813"
"Erik Gonzalez","PIT","54","189","2","14","17","2","4.2%","15.9%",".066",".248",".215",".249",".282",".236",".281","49","-0.7","-12.7","3.2","-0.4","13369"
"Elvis Andrus","OAK","58","201","0","14","7","4","6.0%","17.4%",".059",".260",".214",".259",".273",".235",".278","52","0.2","-11.2","0.6","-0.4","8709"
"Jackie Bradley Jr.","MIL","51","186","5","17","14","2","4.8%","32.3%",".130",".198",".154",".220",".284",".225",".260","40","0.3","-13.4","3.5","-0.4","12984"
"Josh Naylor","CLE","52","193","5","21","15","1","5.7%","19.7%",".140",".294",".251",".302",".391",".302",".307","91","-1.5","-3.6","-7.1","-0.4","18839"
"Bobby Dalbec","BOS","47","165","6","13","24","1","6.1%","36.4%",".182",".273",".195",".248",".377",".272",".316","69","0.5","-5.7","-4.4","-0.5","19966"
"Alec Bohm","PHI","57","224","4","21","26","3","6.3%","28.1%",".092",".273",".209",".254",".301",".245",".312","54","-1.5","-14.2","0.9","-0.6","21618"
"David Dahl","TEX","42","154","4","16","12","1","3.9%","26.6%",".132",".257",".208",".242",".340",".253",".299","60","-0.9","-8.2","-3.4","-0.7","13744"
"Clint Frazier","NYY","50","177","5","15","11","2","13.6%","28.2%",".132",".240",".185",".305",".318",".285",".308","82","-2.1","-5.9","-7.5","-0.8","15983"
"Miguel Cabrera","DET","42","173","5","13","21","0","8.1%","23.7%",".108",".232",".197",".266",".306",".256",".301","61","-2.4","-10.5","-4.0","-0.9","1744"
"Jorge Soler","KCR","53","208","4","18","24","0","9.1%","30.3%",".129",".237",".174",".261",".303",".253",".323","59","-0.7","-11.0","-6.8","-1.1","14221"
